noise_p,spread_var,l1_to_uniform
0.0,7.079171360281418,0.5690194830974601
0.02,6.982916298478166,0.524701042384888
0.05,6.843411496067368,0.4626339145539053
0.1,6.623910932833597,0.37041060870077636
0.2,6.233687709306896,0.24173540310432398
0.3,5.908501689701309,0.15990230916520665
0.5,5.453241262253491,0.06707536355097099
