diam,gap_raw,gap_diameter,gap_eccentricity
6.0,-0.024267766003807423,-0.00048794224858283997,-0.020124214934185147
8.0,0.018719305992126567,-0.00337857613960902,-0.02261672988533972
10.0,0.1607999740237439,0.01535611499652819,0.018333481383268492
12.0,0.2780453937546331,0.032220834017205394,0.03108810385701813
14.0,0.48306233036176605,0.038269862993426315,0.043854002976331685
16.0,0.5886237892349071,0.04653848168045406,0.049837403884732415
18.0,0.6320242618521055,0.0448789362050593,0.052649519043043255
