seed,op,mae,aurc
0,gcn,0.197807728387874,0.24530024063993222
0,heat,0.1683140784640787,0.18845873601006596
0,qw,0.14235890645009341,0.12783217523826287
1,gcn,0.21077629019955474,0.29311831063219135
1,heat,0.19322756775172728,0.266469990919024
1,qw,0.14701966156023602,0.10472813497752209
2,gcn,0.21404329488216195,0.29329468088377453
2,heat,0.14211239845543688,0.23813679045288288
2,qw,0.1546821235073495,0.24202211035050605
