op,mae_mean,mae_std,aurc_mean,aurc_std,params
gcn,0.20704125810233465,0.0049829427663364905,0.29106120018890663,0.00924173561944994,3301
heat,0.2055467084124261,0.007370992667821392,0.28576571219421715,0.015059480479977285,3301
qw,0.20331437846740572,0.006643865962323013,0.2838371166654636,0.016478748063176885,3301
