op,mae_mean,mae_std,aurc_mean,aurc_std,params
gcn,0.16254540067659975,0.01601797776890429,0.20174668737131146,0.03358981431075132,3301
heat,0.06859252218502772,0.005320635259691966,0.08532343902741267,0.01675336150880135,3301
qw,0.07112851558591832,0.008550665842249328,0.0774587507406991,0.016314288022050358,3301
